sequence,method,n,height,rotations,val_inserted
sorted_asc,native_python,1,1,0,1
sorted_asc,native_python,2,2,0,2
sorted_asc,native_python,3,2,1,3
sorted_asc,native_python,4,3,1,4
sorted_asc,native_python,5,3,2,5
sorted_asc,native_python,6,3,3,6
sorted_asc,native_python,7,3,4,7
sorted_asc,native_python,8,4,4,8
sorted_asc,native_python,9,4,5,9
sorted_asc,native_python,10,4,6,10
sorted_asc,native_python,11,4,7,11
sorted_asc,native_python,12,4,8,12
sorted_asc,native_python,13,4,9,13
sorted_asc,native_python,14,4,10,14
sorted_asc,native_python,15,4,11,15
sorted_asc,native_python,16,5,11,16
sorted_asc,native_python,17,5,12,17
sorted_asc,native_python,18,5,13,18
sorted_asc,native_python,19,5,14,19
sorted_asc,native_python,20,5,15,20
sorted_asc,native_python,21,5,16,21
sorted_asc,native_python,22,5,17,22
sorted_asc,native_python,23,5,18,23
sorted_asc,native_python,24,5,19,24
sorted_asc,native_python,25,5,20,25
sorted_asc,native_python,26,5,21,26
sorted_asc,native_python,27,5,22,27
sorted_asc,native_python,28,5,23,28
sorted_asc,native_python,29,5,24,29
sorted_asc,native_python,30,5,25,30
sorted_asc,native_python,31,5,26,31
sorted_asc,native_python,32,6,26,32
sorted_asc,native_python,33,6,27,33
sorted_asc,native_python,34,6,28,34
sorted_asc,native_python,35,6,29,35
sorted_asc,native_python,36,6,30,36
sorted_asc,native_python,37,6,31,37
sorted_asc,native_python,38,6,32,38
sorted_asc,native_python,39,6,33,39
sorted_asc,native_python,40,6,34,40
sorted_asc,native_python,41,6,35,41
sorted_asc,native_python,42,6,36,42
sorted_asc,native_python,43,6,37,43
sorted_asc,native_python,44,6,38,44
sorted_asc,native_python,45,6,39,45
sorted_asc,native_python,46,6,40,46
sorted_asc,native_python,47,6,41,47
sorted_asc,native_python,48,6,42,48
sorted_asc,native_python,49,6,43,49
sorted_asc,native_python,50,6,44,50
sorted_asc,dsl_driven,1,1,0,1
sorted_asc,dsl_driven,2,2,0,2
sorted_asc,dsl_driven,3,2,1,3
sorted_asc,dsl_driven,4,3,1,4
sorted_asc,dsl_driven,5,3,2,5
sorted_asc,dsl_driven,6,3,3,6
sorted_asc,dsl_driven,7,3,4,7
sorted_asc,dsl_driven,8,4,4,8
sorted_asc,dsl_driven,9,4,5,9
sorted_asc,dsl_driven,10,4,6,10
sorted_asc,dsl_driven,11,4,7,11
sorted_asc,dsl_driven,12,4,8,12
sorted_asc,dsl_driven,13,4,9,13
sorted_asc,dsl_driven,14,4,10,14
sorted_asc,dsl_driven,15,4,11,15
sorted_asc,dsl_driven,16,5,11,16
sorted_asc,dsl_driven,17,5,12,17
sorted_asc,dsl_driven,18,5,13,18
sorted_asc,dsl_driven,19,5,14,19
sorted_asc,dsl_driven,20,5,15,20
sorted_asc,dsl_driven,21,5,16,21
sorted_asc,dsl_driven,22,5,17,22
sorted_asc,dsl_driven,23,5,18,23
sorted_asc,dsl_driven,24,5,19,24
sorted_asc,dsl_driven,25,5,20,25
sorted_asc,dsl_driven,26,5,21,26
sorted_asc,dsl_driven,27,5,22,27
sorted_asc,dsl_driven,28,5,23,28
sorted_asc,dsl_driven,29,5,24,29
sorted_asc,dsl_driven,30,5,25,30
sorted_asc,dsl_driven,31,5,26,31
sorted_asc,dsl_driven,32,6,26,32
sorted_asc,dsl_driven,33,6,27,33
sorted_asc,dsl_driven,34,6,28,34
sorted_asc,dsl_driven,35,6,29,35
sorted_asc,dsl_driven,36,6,30,36
sorted_asc,dsl_driven,37,6,31,37
sorted_asc,dsl_driven,38,6,32,38
sorted_asc,dsl_driven,39,6,33,39
sorted_asc,dsl_driven,40,6,34,40
sorted_asc,dsl_driven,41,6,35,41
sorted_asc,dsl_driven,42,6,36,42
sorted_asc,dsl_driven,43,6,37,43
sorted_asc,dsl_driven,44,6,38,44
sorted_asc,dsl_driven,45,6,39,45
sorted_asc,dsl_driven,46,6,40,46
sorted_asc,dsl_driven,47,6,41,47
sorted_asc,dsl_driven,48,6,42,48
sorted_asc,dsl_driven,49,6,43,49
sorted_asc,dsl_driven,50,6,44,50
sorted_desc,native_python,1,1,0,50
sorted_desc,native_python,2,2,0,49
sorted_desc,native_python,3,2,1,48
sorted_desc,native_python,4,3,1,47
sorted_desc,native_python,5,3,2,46
sorted_desc,native_python,6,3,3,45
sorted_desc,native_python,7,3,4,44
sorted_desc,native_python,8,4,4,43
sorted_desc,native_python,9,4,5,42
sorted_desc,native_python,10,4,6,41
sorted_desc,native_python,11,4,7,40
sorted_desc,native_python,12,4,8,39
sorted_desc,native_python,13,4,9,38
sorted_desc,native_python,14,4,10,37
sorted_desc,native_python,15,4,11,36
sorted_desc,native_python,16,5,11,35
sorted_desc,native_python,17,5,12,34
sorted_desc,native_python,18,5,13,33
sorted_desc,native_python,19,5,14,32
sorted_desc,native_python,20,5,15,31
sorted_desc,native_python,21,5,16,30
sorted_desc,native_python,22,5,17,29
sorted_desc,native_python,23,5,18,28
sorted_desc,native_python,24,5,19,27
sorted_desc,native_python,25,5,20,26
sorted_desc,native_python,26,5,21,25
sorted_desc,native_python,27,5,22,24
sorted_desc,native_python,28,5,23,23
sorted_desc,native_python,29,5,24,22
sorted_desc,native_python,30,5,25,21
sorted_desc,native_python,31,5,26,20
sorted_desc,native_python,32,6,26,19
sorted_desc,native_python,33,6,27,18
sorted_desc,native_python,34,6,28,17
sorted_desc,native_python,35,6,29,16
sorted_desc,native_python,36,6,30,15
sorted_desc,native_python,37,6,31,14
sorted_desc,native_python,38,6,32,13
sorted_desc,native_python,39,6,33,12
sorted_desc,native_python,40,6,34,11
sorted_desc,native_python,41,6,35,10
sorted_desc,native_python,42,6,36,9
sorted_desc,native_python,43,6,37,8
sorted_desc,native_python,44,6,38,7
sorted_desc,native_python,45,6,39,6
sorted_desc,native_python,46,6,40,5
sorted_desc,native_python,47,6,41,4
sorted_desc,native_python,48,6,42,3
sorted_desc,native_python,49,6,43,2
sorted_desc,native_python,50,6,44,1
sorted_desc,dsl_driven,1,1,0,50
sorted_desc,dsl_driven,2,2,0,49
sorted_desc,dsl_driven,3,2,1,48
sorted_desc,dsl_driven,4,3,1,47
sorted_desc,dsl_driven,5,3,2,46
sorted_desc,dsl_driven,6,3,3,45
sorted_desc,dsl_driven,7,3,4,44
sorted_desc,dsl_driven,8,4,4,43
sorted_desc,dsl_driven,9,4,5,42
sorted_desc,dsl_driven,10,4,6,41
sorted_desc,dsl_driven,11,4,7,40
sorted_desc,dsl_driven,12,4,8,39
sorted_desc,dsl_driven,13,4,9,38
sorted_desc,dsl_driven,14,4,10,37
sorted_desc,dsl_driven,15,4,11,36
sorted_desc,dsl_driven,16,5,11,35
sorted_desc,dsl_driven,17,5,12,34
sorted_desc,dsl_driven,18,5,13,33
sorted_desc,dsl_driven,19,5,14,32
sorted_desc,dsl_driven,20,5,15,31
sorted_desc,dsl_driven,21,5,16,30
sorted_desc,dsl_driven,22,5,17,29
sorted_desc,dsl_driven,23,5,18,28
sorted_desc,dsl_driven,24,5,19,27
sorted_desc,dsl_driven,25,5,20,26
sorted_desc,dsl_driven,26,5,21,25
sorted_desc,dsl_driven,27,5,22,24
sorted_desc,dsl_driven,28,5,23,23
sorted_desc,dsl_driven,29,5,24,22
sorted_desc,dsl_driven,30,5,25,21
sorted_desc,dsl_driven,31,5,26,20
sorted_desc,dsl_driven,32,6,26,19
sorted_desc,dsl_driven,33,6,27,18
sorted_desc,dsl_driven,34,6,28,17
sorted_desc,dsl_driven,35,6,29,16
sorted_desc,dsl_driven,36,6,30,15
sorted_desc,dsl_driven,37,6,31,14
sorted_desc,dsl_driven,38,6,32,13
sorted_desc,dsl_driven,39,6,33,12
sorted_desc,dsl_driven,40,6,34,11
sorted_desc,dsl_driven,41,6,35,10
sorted_desc,dsl_driven,42,6,36,9
sorted_desc,dsl_driven,43,6,37,8
sorted_desc,dsl_driven,44,6,38,7
sorted_desc,dsl_driven,45,6,39,6
sorted_desc,dsl_driven,46,6,40,5
sorted_desc,dsl_driven,47,6,41,4
sorted_desc,dsl_driven,48,6,42,3
sorted_desc,dsl_driven,49,6,43,2
sorted_desc,dsl_driven,50,6,44,1
random,native_python,1,1,0,144
random,native_python,2,2,0,178
random,native_python,3,2,0,89
random,native_python,4,3,0,157
random,native_python,5,3,0,187
random,native_python,6,3,0,118
random,native_python,7,3,0,52
random,native_python,8,4,0,55
random,native_python,9,4,0,18
random,native_python,10,4,2,85
random,native_python,11,4,4,36
random,native_python,12,4,6,115
random,native_python,13,4,6,72
random,native_python,14,5,6,167
random,native_python,15,5,6,188
random,native_python,16,5,6,48
random,native_python,17,5,7,57
random,native_python,18,5,8,197
random,native_python,19,5,9,93
random,native_python,20,5,9,99
random,native_python,21,5,9,149
random,native_python,22,5,11,50
random,native_python,23,6,11,164
random,native_python,24,6,11,3
random,native_python,25,6,11,126
random,native_python,26,6,13,17
random,native_python,27,6,14,134
random,native_python,28,6,14,69
random,native_python,29,6,14,129
random,native_python,30,6,14,41
random,native_python,31,6,15,102
random,native_python,32,6,15,168
random,native_python,33,6,15,12
random,native_python,34,6,15,155
random,native_python,35,6,15,195
random,native_python,36,6,16,40
random,native_python,37,6,18,153
random,native_python,38,6,20,47
random,native_python,39,6,20,139
random,native_python,40,6,22,9
random,native_python,41,6,24,127
random,native_python,42,6,24,88
random,native_python,43,6,24,186
random,native_python,44,6,24,19
random,native_python,45,6,26,137
random,native_python,46,6,26,78
random,native_python,47,6,26,73
random,native_python,48,6,27,190
random,native_python,49,6,29,124
random,native_python,50,7,29,7
random,dsl_driven,1,1,0,144
random,dsl_driven,2,2,0,178
random,dsl_driven,3,2,0,89
random,dsl_driven,4,3,0,157
random,dsl_driven,5,3,0,187
random,dsl_driven,6,3,0,118
random,dsl_driven,7,3,0,52
random,dsl_driven,8,4,0,55
random,dsl_driven,9,4,0,18
random,dsl_driven,10,4,2,85
random,dsl_driven,11,4,4,36
random,dsl_driven,12,4,6,115
random,dsl_driven,13,4,6,72
random,dsl_driven,14,5,6,167
random,dsl_driven,15,5,6,188
random,dsl_driven,16,5,6,48
random,dsl_driven,17,5,7,57
random,dsl_driven,18,5,8,197
random,dsl_driven,19,5,9,93
random,dsl_driven,20,5,9,99
random,dsl_driven,21,5,9,149
random,dsl_driven,22,5,11,50
random,dsl_driven,23,6,11,164
random,dsl_driven,24,6,11,3
random,dsl_driven,25,6,11,126
random,dsl_driven,26,6,13,17
random,dsl_driven,27,6,14,134
random,dsl_driven,28,6,14,69
random,dsl_driven,29,6,14,129
random,dsl_driven,30,6,14,41
random,dsl_driven,31,6,15,102
random,dsl_driven,32,6,15,168
random,dsl_driven,33,6,15,12
random,dsl_driven,34,6,15,155
random,dsl_driven,35,6,15,195
random,dsl_driven,36,6,16,40
random,dsl_driven,37,6,18,153
random,dsl_driven,38,6,20,47
random,dsl_driven,39,6,20,139
random,dsl_driven,40,6,22,9
random,dsl_driven,41,6,24,127
random,dsl_driven,42,6,24,88
random,dsl_driven,43,6,24,186
random,dsl_driven,44,6,24,19
random,dsl_driven,45,6,26,137
random,dsl_driven,46,6,26,78
random,dsl_driven,47,6,26,73
random,dsl_driven,48,6,27,190
random,dsl_driven,49,6,29,124
random,dsl_driven,50,7,29,7
